index,title,link,description,abbreviation,indices_disorder,indices_disorder_category,index_sign_symptom,behaviour/domain/states,indices_reference,index_license,indices_respondent,indices_subject,age_min,age_max,number_of_questions,minutes_to_complete,authors,index_language,last_modified,last_modified_by,year,use_with_assessments,indices_language_not_in_mhdb,minutes_to_complete (with ranges),indices_age,indices_disorder_subcategory,indices_disorder_subsubcategory
9,CMI Life Events Questionnaire,,,,,,,,,20,"2600, 2700","200, 600, 1000",,,,,Child Mind Institute,22200,2019-11-19,AB,,,,,"8, 9",,
10,CMI Symptom Checklist – Parent Report,,,,,,,,,20,"2600, 2700","200, 600",5,17,,,Child Mind Institute,22200,2021-03-27,AB,,,,,,,
11,CMI Symptom Self Checklist,,,,,,,,,20,"200, 600",2900,,,,,Child Mind Institute,22200,2021-03-27,AB,,,,,"8, 9",,
12,Sutter-Eyberg School Behavior Inventory Revised,https://www.parinc.com/products/pkey/97,"The SESBI-R and the ECBI are comprehensive, behaviorally specific rating scales that assess the current frequency and severity of disruptive behaviors in the home and school settings, as well as the extent to which parents and/or teachers find the behavior troublesome. By evaluating the variety and frequency of behaviors commonly exhibited by all children, the instrument distinguishes normal behavior problems from conduct-disordered behavior in children and adolescents",SESBI-R,,,,,,20,"1800, 2500","1100, 1200, 1300, 1400",2,16,38,5,"Eyeberg, S., & Pincus, D.",22200,2019-11-19,AB,,14,29200,5,"8, 9",,
13,"Swanson, Nolan and Pehlam Teacher and Parent Rating Scale",https://www.mcpap.com/pdf/SNAPIV.pdf,"The SNAP-IV Rating Scale is a revision of the Swanson, Nolan and Pelham (SNAP) Questionnaire (Swanson et al, 1983). The items from the DSM-IV (1994) criteria for Attention-Deficit/Hyperactivity Disorder (ADHD) are included for the two subsets of symptoms: inattention (items #1-#9) and hyperactivity/ impulsivity (items #11-#19). Also, items are included from the DSM-IV criteria for Oppositional Defiant Disorder (items #21-#28) since it often is present in children with ADHD. Items have been added to summarize the Inattention domain (#10) and the Hyperactivity/Impulsivity domain (#20) of ADHD. Two other items were added: an item from DSM-III-R (#29) that was not included in the DSM-IV list for ODD, and an item to summarize the ODD domain (#30).",SNAP-IV,"25, 154, 149, 581, 582, 583, ","3, 4, 7,12, 15, ",,,,20,"1800, 2500, 2600, 2700","200, 600, 1200, 1300, 1400",6,18,18,10,"Swanson, J. M., Nolan, Pelham",22200,2019-11-19,AB,1992,,68500,10,"8, 9",6,
14,Eyberg Child Behavior Inventory ,https://www.parinc.com/products/pkey/97,"The SESBI-R and the ECBI are comprehensive, behaviorally specific rating scales that assess the current frequency and severity of disruptive behaviors in the home and school settings, as well as the extent to which parents and/or teachers find the behavior troublesome. By evaluating the variety and frequency of behaviors commonly exhibited by all children, the instrument distinguishes normal behavior problems from conduct-disordered behavior in children and adolescents",ECBI,,,,,,20,"2600, 2700","200, 600, 1000",2,16,36,5,"Eyeberg, S., & Pincus, D.",22200,2019-11-19,AB,,12,29200,5,"8, 9",,
15,Conners ADHD Rating Scale 3 - Parent Short Form,https://www.mhs.com/MHS-Assessment?prodname=conners3,"The Conners ADHD Rating Scale 3 Parent Short Form is a 43-item parent report designed to assess attention deficit/hyperactivity disorder (ADHD) and evaluate problem behavior in children and adolescents (ages 6 to 18). The measure evaluates inattention, hyperactivity/impulsivity, learning problems/executive functioning, aggression, and peer relations. Parents are asked to rate statements about their child in the past month on a 4-point scale: 0-Not true at all (Never, Seldom), 1-Just a little true (Occasionally), 2-Pretty much true (Often, Quite a bit), 3-Very much true (Very often, very frequently).",,14,,,,,20,"2600, 2700","200, 600",6,18,43,,"Conners, K. C",22200,2019-11-19,AB,2008,,29200,,"8, 9",,
16,Child Behavior Checklist for Ages 1.5-5,https://www.nctsn.org/measures/child-behavior-checklist-ages-15-5,The ASEBA preschool forms provide valuable information on specific behavioral and emotional problems of children ages 1½-5 years,CBCL/1.5-5,,"1, 4, 5, 7, 9, 12, 15",,,,20,"2600, 2700, 1800, 2500","200, 600, 1000",1.5,5,99,20,"Achenbach, T. M., & Rescorla, L. A.",22200,2019-11-19,AB,2001,21,"22000, 19500, 30000, 27600, 68500, 30100, 22100, 73500, 27800, 22600, 23200, 24000, 24100, 21400, 28200, 19000, 16400, 19100, 41500, 16700, 24700, 21500, 30800, 28550, 28500, 30300, 31000, 30500, 29200, 42300, 16800, 16900, 70000, 7200, 29700",10-20,8,,
17,ASEBA Child Behavior Checklist: Age 6-18 Teacher's Report Form,https://www.parinc.com/products/pkey/50,"The CBCL is a device by which parents or other individuals who know the child well rate a child's problem behaviors and competencies. The CBCL can also be used to measure a child's change in behavior over time or following a treatment. It consists of 118 items related to behavior problems, which are scored on a 3-point scale ranging from not true to often true of the child. There are also 20 social competency items used to obtain parents’ reports of the amount and quality of their child’s participation in sports, hobbies, games, activities, organizations, jobs and chores, friendships, how well the child gets along with others and plays and works by him/herself, and school functioning.",TRF/6-18,,,,,175,20,"2600, 2700, 1800","200, 400, 600",6,18,118,20,"Achenbach, T. M., & Rescorla, L. A.",22200,2019-11-19,AB,2001,"18, 20","22000, 19500, 2700, 30000, 27600, 68500, 30100, 22100, 73500, 27800, 10000, 22600, 23200, 21400, 28200, 19000, 19100, 2700, 19900, 41500, 21500, 28550, 28500, 29000, 29600, 30300, 30500, 29200, 21800, 7200, 19300",15-20,"8, 9",,
18,ASEBA Child Behavior Checklist: Age 6-18,https://aseba.org/school-age/,"The CBCL is a device by which parents or other individuals who know the child well rate a child's problem behaviors and competencies. The CBCL can also be used to measure a child's change in behavior over time or following a treatment. It consists of 118 items related to behavior problems, which are scored on a 3-point scale ranging from not true to often true of the child. There are also 20 social competency items used to obtain parents’ reports of the amount and quality of their child’s participation in sports, hobbies, games, activities, organizations, jobs and chores, friendships, how well the child gets along with others and plays and works by him/herself, and school functioning.",CBCL/6-18,,"1, 4, 5, 9, 16",,,175,20,"2600, 2700, 1800","200, 400, 600",6,18,118,20,"Achenbach, T. M., & Rescorla, L. A.",22200,2019-11-19,AB,2001,"17, 20","22000, 19500, 2700, 18900, 30000, 27600, 68500, 66200, 30100, 21200, 22100, 73500, 27800, 10000, 22600, 23200, 24000, 24100, 35200, 21400, 40100, 28200, 19000, 16400, 31200, 72500, 19100, 30800, 16900, 41500, 16700, 24700, 21500, 28550, 28500, 25100, 29000, 29600, 30300, 31000, 30500, 1700, 72300, 29200, 21800, 42300, 16800, 16900, 70000, 7200, 29700, 75300, 75600",20,"8, 9",,
19,Adult Self Report: Age 18-59,https://aseba.org/adults/,The ASR is a self-administered instrument that examines diverse aspects of adaptive functioning and problems.,ASR/18-59,,"1, 4, 5, 9, 16",,,176,20,800,2900,18,59,126,10,"Achenbach, T. M., & Rescorla, L. A.",22200,2019-11-19,AB,2003,,"19500, 27600, 68500, 21200, 22100, 27800, 22600, 21400, 28200, 19000, 19100, 2700, 19900, 21500, 30800, 28550, 28500, 29000, 30300, 29200, 30500, 21800, 16900, 70000, 7200",10,5,"4, 5, 9",4
20,Youth Self Report ,https://www.nctsn.org/measures/youth-self-report-11-18,"The YSR is a self-administered instrument in which youth (ages 11-18) rate themselves for how true each item is now or has been during the past 6 months, using the same 3-point scale as the CBCL 6-18 and the TRF. YSR also has 14 socially desirable items that most youths endorse about themselves.",YSR,,,,,177,20,"200, 600",2900,11,18,112,15,"Achenbach, T. M., & Rescorla, L. A.",22200,2019-11-19,AB,2001,"17, 18","29200, 27800, 42300, 19300, 68500, 26100, 30800, 29600, 26100",15,9,,
21,Child Behavior Checklist Caregiver and Teacher - 1.5-5,https://www.nctsn.org/measures/child-behavior-checklist-ages-15-5,The ASEBA preschool forms provide valuable information on specific behavioral and emotional problems of children ages 1½-5 years,C-TRF/1.5-5,,"1, 4, 5, 7, 9, 12, 15",,,,20,"2600, 2700, 1800, 2500","200, 600, 1000",1.5,5,99,15,"Achenbach, T. M., & Rescorla, L. A.",22200,2019-12-10,AB,2001,16,"29200, 22000, 19500, 2700, 30000, 27600, 68500, 66200, 22100, 33900, 73500, 27800, 23200, 35200, 21400, 28200, 19000, 19100, 19900, 41500, 21500, 28550, 28500, 29000, 74500, 30300, 30500, 21800, 3200, 7200, 19300",10-15,8,,
23,Children's Yale-Brown Obsessive Compulsive Scale,https://iocdf.org/wp-content/uploads/2016/04/05-CYBOCS-complete.pdf,"The Y-BOCS is a semi-structured clinician rated instrument to assess the severity of obsessive-compulsive disorder (OCD) symptoms that is administered as part of the KSADS interview, if indicated.",CY-BOCS,154,,,,179,20,"2100, 2200, 2300, 2400, 2500","200, 600, 1000",6,17,19,10,"Goodman, W. K., Scahill, L., Price, L. H., Rasmussen, S. A., Riddle, M. A., & Rapoport, J. L.",22200,2021-03-27,AB,2007,,29200,10,"8, 9",,
24,Screen for Child Anxiety Related Disorders - Child Version,http://www.midss.org/content/screen-child-anxiety-related-disorders-scared,"The SCARED is a child and parent self-report instrument used to screen for childhood anxiety disorders including general anxiety disorder, separation anxiety disorder, panic disorder, and social phobia. In addition, it assesses symptoms related to school phobias.",SCARED-C,,5,,,181,20,"200, 600",2900,8,17,41,10,"Birmaher, B., Khetarpal, S., Cully, M., Brent, D., & McKenzie, S.",22200,2021-03-27,AB,1995,25,"3400, 22600, 2500, 70000, 29200, 30700, 73500",10,"8, 9",,
25,Screen for Child Anxiety Related Disorders - Parent report ,http://www.midss.org/content/screen-child-anxiety-related-disorders-scared,"The SCARED is a child and parent self-report instrument used to screen for childhood anxiety disorders including general anxiety disorder, separation anxiety disorder, panic disorder, and social phobia. In addition, it assesses symptoms related to school phobias.",SCARED-P,,5,,,,20,"2600, 2700","200, 600",8,17,41,10,"Birmaher, B., Khetarpal, S., Cully, M., Brent, D., & McKenzie, S.",22200,2021-03-27,AB,1995,24,"3400, 68500, 27800, 28200, 16800, 29200, 30700, 73500",10,"8, 9",,
26,Beck's Depression Inventory - 2,https://www.psychcongress.com/saundras-corner/scales-screenersdepression/beck-depression-inventory-ii-bdi-ii,"The BDI-II is a 21-question multiple-choice self-report inventory, one of the most widely used instruments for measuring the severity of depression.",BDI,,4,,,,20,800,2900,18,,21,5,"Beck, A. T., Steer, R. A., & Brown, G. K.",22200,2021-03-27,AB,1996,,"29200, 28550, 68500, 27800, 28200, 19100, 30100, 19000, 22100, 21200, 21500, 21800, 22600, 2500, 73500, 29000, ",5,"5, 9",,
27,Columbia-Suicide Severity Rating Scale,https://suicidepreventionlifeline.org/wp-content/uploads/2016/09/Suicide-Risk-Assessment-C-SSRS-Lifeline-Version-2014.pdf,"The C-SSRS is a 6-item scale used to assess the severity of suicidal thoughts and behaviors. It is administered by a clinician as an interview, only to those participants who screen positive for suicidal thoughts or behaviors.",C-SSRS,,,,,183,20,"200, 600, 800",2900,11,,6,5,"Posner, K.",22200,2021-03-27,AB,1996,,"29200, 19500, 22600, 29600, 22100, 27800, 72500, 30100, 30300, 28550, 28500, 68500, 30700, 21800, 73500, 33900, 10000, 23600, 24000, 24100, 16400, 16700, 24700, 25100, 16800, 16900, 26000, 40100, 3400, 19100, 2700, 19900, 30200, 41500, 29000, 21500, 42300, 31000, 30500, 75300, 70000, 29700, 19300",5,"5, 9",,
29,Adult Suicidal Ideation Questionnaire ,https://www.parinc.com/Products/Pkey/11,The ASIQ screens for suicidal ieation in college students and other adults,ASIQ,,,,,,20,800,2900,18,88,25,10,"Reynolds, W. M.",22200,2019-12-02,AB,1991,,,10,5,,
30,Children's Depression Inventory,https://www.pearsonclinical.co.uk/Psychology/generic/ChildrensDepressionInventory(CDI)/Resources/Technical.pdf,"The CDI is a 27 item, self-report measure of symptoms of depression among children and adolescents. The CDI assesses a range of depressive symptoms, including disturbed mood, impaired hedonic capacity, vegetative functions, self-evaluation, and interpersonal behaviors.",CDI,,4,,,184,20,"200, 600, 2600, 2700","200, 600",7,17,27,15,"Kovacs, M.",22200,2021-03-27,AB,1979,,"29200, 22100, 27800, 22600, 35200, 28200, 19000, 21800, 7200, 27600, 19900, 21500, 30800, 29600",15,"8, 9",,
31,Suicidal Ideation Questionnaire,https://www.parinc.com/Products/Pkey/413,,SIQ,,,,,,20,"600, 800",2900,12,18,,,"Reynolds, W. M.",22200,2020-03-11,AB,,,"29200, 68500, 27800",,,,
32,Difficulties in Emotion Regulation Scale,http://www.traumarecoveryclinic.org/uploads/8/2/0/1/82018704/5._ders.pdf,"The DERS is a brief, 36-tiem self-report questionnaire designed to assess multiple aspects of emotion dysregulation.",DERS,,,,,,20,"600, 800",2900,11,17,36,,"Gratz, K. L., & Roemer, L.",22200,2019-12-19,AB,2004,,,,"8, 9",,
34,State Trait Anxiety Inventory ,https://www.apa.org/pi/about/publications/caregivers/practice-settings/assessment/tools/trait-state,The STAI is used to measure anxiety in adults. A version is available for children. Helps distinguish feelings of anxiety from depression. The STAI Form clearly differentiates between the temporary condition of “state anxiety” verses the more general and long standing quality of ”trait anxiety.” The STAI has forty questions with a range of four possible responses to each (Likert scale).,STAI,,5,,,185,20,800,2900,18,,40,10,"Spielberger, Gorsuch, Lushene, Vagg, & Jacobs",22200,2021-03-27,AB,1983,,,10,5,,
36,Mood and Feelings Questionnaire Parent Report,https://devepi.duhs.duke.edu/measures/the-mood-and-feelings-questionnaire-mfq/,"The MFQ consists of a series of descriptive phrases regarding how the subject has been feeling or acting recently. Codings reflect whether the phrase was descriptive of the subject most of the time, sometimes, or not at all in the past two weeks.",MFQ-P,,4,,,186,20,"2600, 2700","200, 600",8,17,,10,"Angold, A., & Costello, E. J.",22200,2021-03-27,AB,1987,37,"29200, 22600, 28550, 28500, 3400",10,"8, 9",,
37,Mood and Feelings Questionnaire Self Report,https://devepi.duhs.duke.edu/measures/the-mood-and-feelings-questionnaire-mfq/,"The MFQ consists of a series of descriptive phrases regarding how the subject has been feeling or acting recently. Codings reflect whether the phrase was descriptive of the subject most of the time, sometimes, or not at all in the past two weeks.",MFQ-SR,,4,,,186,20,"2600, 2700","200, 600, 750, 800",8,,,10,"Angold, A., & Costello, E. J.",22200,2021-03-27,AB,1987,36,"29200, 22600, 28550, 28500, 73500, 21500, 42300, 3400",10,,,
38,Affective Reactivity Index - Self Report,https://www.nimh.nih.gov/research/research-conducted-at-nimh/research-areas/clinics-and-labs/edb/mbdu/affective-reactivity-index-ari.shtml,The ARI-S is a concise scale for the dimensional assessment of irritability.,ARI-S,,,,,,20,"200, 400, 600",2900,,,7,,"Stringaris, A., Goodman, R., Ferdinando, S., Razdan, V., Muhrer, E., Leibenluft, E., & Brotman, M. A.",22200,2019-12-10,AB,2012,51,"28550, 27600, 68500, 22100, 27800, 22600, 23200, 28200, 19000, 21500, 29200, 21800, 7200",,8,,
39,Strengths and Weaknesses of ADHD Symptoms and Normal Behavior, http://www.adhd.net,The SWAN ADHD Rating Scale is an instrument that uses observer ratings to help assess attention deficit/hyperactivity disorder (ADHD) and evaluate problem behavior in children and adolescents.,SWAN,14,,,,187,20,"2600, 2700","200, 600",6,17,18,,"Swanson, J., Schuck, S., Mann, M., Carlson, C., Hartman, K., Sergeant, J., . . . McCleary, R.",22200,2021-03-27,AB,2001,,29200,,"8, 9",,
40,Inventory of Callous and Unemotional Traits  - Parent Report,http://labs.uno.edu/developmental-psychopathology/ICU.html,"The Inventory of Callous-Unemotional Traits (ICUT) is a copyright protected 24-item questionnaire designed to provide a comprehensive assessment of callous and unemotional traits.  These traits have proven to be important for designating a distinct subgroup group of antisocial and aggressive youth. The ICUT has three subscales: Callousness, Uncaring, and Unemotional.",ICU-P,,,,,188,20,"2600, 2700","200, 600",,,24,15,"Frick, P. J.",22200,2021-03-27,AB,2004,160,"29200, 68500, 21200, 22100, 27800, 23200, 35200, 28200, 19000, 28550, 28500, 29000, 21800, 24100, 21500, 30500, 42300, 70000, 26000, 2500, 26900, 24900",10-15,,,
41,Autism Spectrum Screening Questionnaire,https://psychology-tools.com/test/autism-spectrum-screening-questionnaire,The ASSQ is a 27-item checklist for completion by lay informants when assessing symptoms characteristic of Asperger's Syndrome or high-functioning autism spectrum disorders.,ASSQ,13,13,,,,20,"2600, 2700","200, 600",5,17,27,10,"Ehlers, S., Gillberg, C., & Wing, L.",22200,2021-03-27,AB,1999,,,5-10,"8, 9",,
42,Social Communication Questionnaire,https://www.wpspublish.com/scq-social-communication-questionnaire,"The SCQ consists of forty yes-or-no questions, which a parent can complete in around ten minutes. It is brief and easy to understand, yet provides valuable information on a child’s body movements, use of language or gestures, and style of interacting. There are two versions of the SCQ. Usually, the SCQ is used as a screening instrument to help identify which children may have an autism spectrum disorder. It is not meant to provide a detailed diagnosis, but to indicate whether a child needs a more careful and in-depth evaluation.",SCQ,13,,,,189,20,"2600, 2700","200, 600",5,17,40,10,"Rutter, Bailey, Lord, Berument",22200,2021-03-27,AB,2003,,"21200, 22100, 73500, 27800, 22600, 23200, 2500, 35200, 28200, 19000, 19100, 21500, 29000, 29600, 29200, 21800",5-10,,,
43,Social Responsiveness Scale-2,https://www.wpspublish.com/srs-2-social-responsiveness-scale-second-edition?gclid=Cj0KCQjw_absBRD1ARIsAO4_D3t_DiPhhFApj0q3LK3aPW7tBJKFTU2XqpB4Ls-LRLwwneq03KS4M7AaAgPuEALw_wcB,"The SRS-2 maintains continuity with the original instrument as an efficient quantitative measure of the various dimensions of interpersonal behavior, communication, and repetitive/stereotypic behavior characteristic of autism spectrum disorders (ASD).",SRS-2,13,,,,190,20,"2600, 2700","200, 600",5,17,,15,Constantino & Gruber,22200,2021-03-27,AB,2012,,"28550, 21200, 22100, 27800, 22600, 28200, 19000, 21500, 21800",15-20,"8, 9",,
45,Columbia Impairment Scale - Youth Version,https://eprovide.mapi-trust.org/instruments/columbia-impairment-scale,"The CIS is a 13 item parent report scale that assesses global functioning in domains of interpersonal relations, psychopathology, school performance, use of leisure time; monitors progress after 6 months of treatment.",CIS,,,,,191,20,"200, 600",2900,,,13,,"Bird, H., Gould, M., Staghezza, B., Chen, J., Hoven, C., Shaffer, D., & Fisher, P.",22200,2021-03-27,AB,1993,,,,"8, 9",,
46,The World Health Organization Disability Assessment Schedule 2.0 - Parent Report,https://www.who.int/classifications/icf/whodasii/en/,"The WHODAS is a generic assessment instrument for health and disability. It assesses function across domains of cognition, mobility, self-care, getting along, life activities, and participation.",WHODAS 2.0-P,,,,,192,20,"2600, 2700","200, 600",,,36,5,World Health Organization,22200,2020-03-12,AB,2010,,"68500, 19000, 28550, 28500, 21500, 30800, 2500",5,,,
48,Adverse Childhood Experience Scale,https://www.ncjfcj.org/sites/default/files/Finding%20Your%20ACE%20Score.pdf,"Adverse childhood experiences (ACEs) include verbal, physical, or sexual abuse, as well as family dysfunction (e.g., an incarcerated, mentally ill, or substance-abusing family member; domestic violence; or absence of a parent because of divorce or separation). ACEs have been linked to a range of adverse health outcomes in adulthood, including substance abuse, depression, cardiovascular disease, diabetes, cancer, and premature mortality.",ACES,,,,,193,20,"600, 800",2900,18,85,10,,Centers for Disease Control and Prevention,22200,2019-12-10,AB,1997,,29200,,5,,
49,Alabama Parenting Questionnaire - Parent Report,https://cyfar.org/sites/default/files/PsychometricsFiles/Parenting%20Questionnaire-Alabama%20%28parents%20of%20children%206-18%29_0.pdf,"The APQ measures is a 42 item questionnaire measuring five domains of parenting that are relevant to the etiology and treatment of child externalizing problems: positive involvement, supervision/monitoring, use of positive discipline, consistency in the use of such discipline, and use of corporal punishment.",APQ-P,,,,,,20,"2600, 2700","200, 600",6,18,42,15,"Frick, P. J.",22200,2021-03-27,AB,1991,50,"68500, 22100, 22600, 29200, 21500",15,"8, 9",,
50,Alabama Parenting Questionnaire - Self-Report,https://cyfar.org/sites/default/files/PsychometricsFiles/Parenting%20Questionnaire-Alabama%20%28parents%20of%20children%206-18%29_0.pdf,"The APQ measures is a 42 item questionnaire measuring five domains of parenting that are relevant to the etiology and treatment of child externalizing problems: positive involvement, supervision/monitoring, use of positive discipline, consistency in the use of such discipline, and use of corporal punishment.",APQ,,,,,,20,"200, 600",2900,6,18,42,15,"Frick, P. J.",22200,2021-03-27,AB,1991,49,"68500, 22100, 22600, 29200, 21500",15,"8, 9",,
51,Affective Reactivity Index - Parent Report ,https://www.nimh.nih.gov/research/research-conducted-at-nimh/research-areas/clinics-and-labs/edb/mbdu/affective-reactivity-index-ari.shtml,The ARI-P is a concise scale for the dimensional assessment of irritability.,ARI-P,,,,,,20,"2600, 2700","200, 400, 600",,,7,,"Stringaris, A., Goodman, R., Ferdinando, S., Razdan, V., Muhrer, E., Leibenluft, E., & Brotman, M. A.",22200,2019-12-10,AB,2012,38,"28550, 27600, 68500, 22100, 73500, 27800, 22600, 23200, 28200, 19000, 21500, 29200, 21800, 7200",,8,,
53,Alcohol Use Disorders Identification Test ,https://www.drugabuse.gov/sites/default/files/files/AUDIT.pdf,"The AUDIT is a simple, 10-item form developed by the World Health Organization to screen for problem or hazardous alcohol use in a clinical setting.",AUDIT,,,,,,20,"200, 600, 800",2900,11,,10,5,World Health Organization,22200,2021-03-27,AB,1989,,"3400, 23600, 70400, 27600, 68500, 30700, 21200, 22100, 42300, 73500, 27800, 22600, 23200, 2500, 24100, 40100, 28200, 19000, 70900, 19100, 41500, 3900, 21500, 30800, 26900, 28500, 29000, 29600, 30500, 29200, 72500, 21800, 19900, 7200, 19300",5,,,1
54,Barratt Simplified Measure of Social Status,http://socialclassoncampus.blogspot.com/2012/06/barratt-simplified-measure-of-social.html,,BSMMS,,,,,,20,800,2900,,,25,,"Barratt, W.",22200,2019-12-10,AB,2006,,,,,,
56,"Conners Adult ADHD Rating Scale – Self Report, Short Version ",https://documents.acer.org/caars-self-s-int_1.pdf,"The CAARS-S:S is a 26-item self-report questionnaire assessing ADHD symptoms in adults (ages 18 and up). Individuals are asked to rate themselves on a range of symptoms and behaviors associated with ADHD in adults, using a 4-point scale: 0-Not at all, never, 1-Just a little, once in a while, 2-Pretty much, often, 3-Very much, very frequently.",CAARS-S:S,14,,,,195,20,800,2900,18,,26,,"Conners, C. K., Erhardt, D., & Sparrow, E.",22200,2021-03-27,AB,1999,,,,,,
57,Children's Coping Strategies Checklist ,https://educationendowmentfoundation.org.uk/projects-and-evaluation/evaluating-projects/measuring-essential-skills/spectrum-database/childrens-coping-strategies-checklist/,The CCSC is a self-report inventory in which children describe their coping efforts.,CCSC,,,,,,20,"200, 600",2900,8,18,52,5,"Ayers, T. S., & Sandler, N.",22200,2021-03-27,AB,1991,,,5,"8, 9",,
58,Children’s Depression Inventory - Parent Report ,,"The CDI is a 27 item, parent-report measure of symptoms of depression among children and adolescents. The CDI assesses a range of depressive symptoms, including disturbed mood, impaired hedonic capacity, vegetative functions, self-evaluation, and interpersonal behaviors.",CDI-P,,4,,,184,20,"2600, 2700","200, 600, 1000",7,17,,,"Kovacs, M.",22200,2019-11-19,AB,1992,,,,"8, 9",,
59,Children's Perception of Interparental Conflict Scale ,http://www.midss.org/childrens-perception-interparental-conflict-scale-cpic,"Guided by Grych and Fincham's theoretical framework for investigating the relation between interparental conflict and child adjustment, The Children's Perception of Interparental Conflict Scale (CPIC) was developed to assess children's views of several aspects of marital conflict.",CPIC,,,,,196,20,"200, 600",2900,8,18,51,10,"Fincham, F. D.",22200,2021-03-27,AB,1992,,,10,8,,
60,Distress Tolerance Scale ,https://www.millisecond.com/download/library/distresstolerancescale/,"The DTS, a 15-item self-report questionnaire, measures emotional distress tolerance.",DTS,,,,,197,20,"2600, 2700","200, 600",,,15,5,"Simons, J. S., & Gaher, R. M.",22200,2019-12-19,AB,2005,,,5,,,
61,Edinburgh Handedness Questionnaire,http://www.brainmapping.org/shared/Edinburgh.php,"The EHQ is a measurement scale used to assess the dominance of a person’s right or left hand in everyday activities. The inventory can be used by an observer assessing the person, or by a person self-reporting hand use. The EHQ includes a list of activities, and asks the participant to indicate “which hand you prefer for that activity?” and “do you ever use the other hand for that activity?” This questionnaire was updated by Mark Cohen in 2008, and is adapted from Oldfield, 1971.",EHQ,,,,,,20,100,2900,6,85,15,,"Cohen, M. S.",22200,2019-12-19,AB,2008,,,,"5, 8, 9",,
62,The European School Survey Project on Alcohol and Other Drugs ,http://www.espad.org/,The ESPAD is an adaptive questionnaire. It consists of a 16-question drug and alcohol screening form and additional follow up questions only for substances that a participant endorses.,ESPAD,,16,,,198,20,100,2900,,,16,15,,22200,2021-03-27,AB,,,29200,15,,,
63,Financial Support Questionnaire,http://www.ned.org/docs/grants/Financial-Questionnaire-PDF.pdf,,FSQ,,,,,,20,100,2900,,,41,,,22200,2020-01-27,AB,,,,,5,,
64,Fagerstrom Test for Nicotine Dependence,https://cde.drugabuse.gov/instrument/d7c0b0f5-b865-e4de-e040-bb89ad43202b,"The FTND is a self-administered questionnaire that consists of 6 questions, and examines nicotine consumption and intake habits in those that smoke cigarettes. It is used as a screening instrument that assesses nicotine dependence in adults who are currently smokers or have been in the past two years. Level of nicotine dependence is scored on a scale from 0-10, with 0-2: very low dependence and 8-10: very high dependence.",FTND,,,,,199,20,800,2900,18,,6,5,"Heatherton, T. F., Kozlowski, L. T., Frecker, R. C., & Fagerstrom, K. O.",22200,2021-03-27,AB,1991,,,5,5,,8
65,Modified Fagerstrom Tolerance Questionnaire - Adolescents ,https://cancercontrol.cancer.gov/brp/tcrb/guide-measures/mftq.html,"The FTQA is a self-administered questionnaire consists of 7 questions, and is a modified version of the FTND that aims to assess nicotine tolerance in adolescents.",FTQA,,,,,200,20,600,2900,13,17,7,5,Fagerstrom,22200,2021-03-27,AB,,,,5,9,,8
66,Internet Addiction Test,https://psychology-tools.com/test/internet-addiction-assessment,"The IAT is a 20-item scale that measures characteristics and behaviors associated with compulsive use of the Internet that include compulsivity, escapism, and dependency. Questions also assess problems related to addictive use in personal, occupational, and social functioning.",IAT,,,,,201,20,100,2900,,,18,10,"Young, K.",22200,2021-03-27,AB,1998,,"68500, 27800, 22600, 23200, 28200, 73500, 3400, 28550, 28500",5-10,"5, 9",,
68,National Institute on Drug Abuse Quick Screen Assist,https://www.drugabuse.gov/,The NIDA Quick Screen and Assist is used to screen for substance use and severity over the lifetime and within the past year.,NIDA,,,,,202,20,"200, 600, 800",2900,11,,,15,National Institute on Drug Abuse,22200,2021-03-27,AB,,,,15,"5, 9",10,
69,Negative Life Events Questionnaire - Parent Version,,"The NLES-Parent focuses on family, community, and school-based stressors that children may be exposed to and are known to be related to negative physical and mental health outcomes. Parents are asked to rate whether the event occurred, whether the child was aware, and the child's level of resulting stress. Administration of this checklist includes the General Coping Efficacy sub-scale.",NLES-P,,,,,203,20,"2600, 2700","200, 600",8,18,,10,,22200,2020-03-08,AB,,,"29200, 3400",10,"8, 9",,
70,Negative Life Events Questionnaire - Self Report ,,"The NLES focuses on family, community, and school-based stressors that children may be exposed to and are known to be related to negative physical and mental health outcomes. Children are asked to rate whether the event occurred and their level of resulting stress.",NLES-SR,,,,,203,20,"200, 600",2900,8,18,13,10,,22200,2020-03-08,AB,,,"29200, 3400",10,"600, 800",,
71,Physical Activity Questionnaire for Adolescents ,https://www.prismsports.org/UserFiles/file/PAQ_manual_ScoringandPDF.pdf,"The PAQ-A (a slightly modified version of the PAQ-C with the “recess” item removed) is a self-administered, 7-day recall instrument. It was developed to assess general levels of physical activity for high school students in grades 9 to 12 and approximately 14 to 19 years of age. The PAQ-A can be administered in a classroom setting and provides a summary physical activity score derived from eight items, each scored on a 5-point scale.",PAQ-A,,,,,204,20,"600, 750",2900,14,19,8,5,"Kowalski, K. C. Crocker, P. R. E., & Kowalski, N. P.",22200,2021-03-27,AB,1997,,29200,5,9,,
72,Physical Activity Questionnaire for Older Children ,https://www.prismsports.org/UserFiles/file/PAQ_manual_ScoringandPDF.pdf,"The Physical Activity Questionnaire for Children (PAQ-C) seeks information on children's participation in vigorous activities over the last 7 days. A checklist is used to determine if a child engages in physical activity during a given time period, such as the weekend or a weekday. No information is collected in regards to duration of participation, moderate or low intensity activities, or non-organized activities. An interviewer-administered 7-d recall questionnaire asks students to recall the time they spent sleeping, in moderate-intensity activities, and hard and very hard activities on each day of the previous week.",PAQ-C,,,,,205,20,"2600, 2700","200, 600",8,14,10,5,"Crocker, P. R. E., Bailey, D. A., Faulkner, R. A., Kowalski, K. C., & McGrath, R.",22200,2021-03-27,AB,1997,,29200,5,,,
73,Parent-Child Internet Addiction Test,https://www.stoeltingco.com/media/wysiwyg/IATF_web_sample.pdf,"The PCIAT is a 20-item scale that measures characteristics and behaviors associated with compulsive use of the Internet that include compulsivity, escapism, and dependency. Questions also assess problems related to addictive use in personal, occupational, and social functioning.",PCIAT,,,,,201,20,"2600, 2700","200, 600",,,20,10,"Young, K. S.",22200,2020-03-08,AB,2017,,"68500, 27800, 28200, 19100",5-10,,,
74,Peterson Puberty Scale,https://www.icpsr.umich.edu/icpsrweb/PHDCN/descriptions/pds-phys-w1-w2-w3.jsp,"The Peterson Puberty Scale is an adaptation of an interview-based puberty-rating scale by Petersen, and includes scores for each of five items rating physical development, an overall maturation measure, and a categorical maturation score. It is designed to be non-invasive, not requiring the use of pictures.",PPS,,,,,206,20,"200, 600",2900,,,,5,,22200,2020-03-10,AB,,,,5,,,
75,Parenting Stress Index,https://www.parinc.com/Products/Pkey/333,"The PSITM is designed to evaluate the magnitude of stress in the parent-child system, focusing on three major domains of stress: 1) child characteristics, 2) parent characteristics, and 3) situational/demographic life stress.",PSI,,"1, 4, 5",,,207,20,"2600, 2700",200,5,12,120,20,"Abidin, R. R.",22200,2021-03-27,AB,,,"29200, 68500, 30100, 22100, 27800, 22600, 23200, 28200, 19000, 19100, 28550, 28500, 30300, 21800, 21400, 21500, 40100, 2500, 73500, 30800, 18400, 69200",20,8,,
77,Yale Food Addiction Scale,http://www.midss.org/content/yale-food-addiction-scale-yfas,"The YFAS is a measure that has been developed to identify those who are most likely to be exhibiting markers of substance dependence with the consumption of high fat/high sugar foods. This 25-item self-report measure includes mixed response categories (dichotomous and Likert-type format). A food addiction symptom (e.g., tolerance, withdrawal, loss of control) count can be obtained which is similar to the criteria for substance dependence of the DSM-IV-TR (American Psychiatric Association, 2000). Additionally, two items assess clinically significant impairment or distress from eating. Food addiction can be “diagnosed” when three symptoms and clinically significant impairment or distress are present.",YFAS,,10,,,208,20,"600, 800",2900,17,,25,10,"Gearhardt, A. N., Corbin, W. R., & Brownell, K. D.",22200,2021-03-27,AB,2009,,"29200, 68500, 27800, 22600, 28200, 7200",10,"5, 9",,
80,Multidimensional Anxiety Scale for Children 2nd Edition - Parent Report,https://www.pearsonclinical.ca/en/products/product-master/item-540.html,"The MASC is a normed 39-item self-report questionnaire that assesses anxiety in children and adolescents. It uses four basic scales (physical symptoms, harm avoidance, social anxiety, and separation/panic), one scale measuring total anxiety, and two additional indexes, anxiety disorder and inconsistency. Participants are asked to rate their own behavior on a 4-point scale: 0-Never true about me, 1-Rarely true about me, 2-Sometimes true about me, 3-Often true about me.",MASC-2-Parent,,5,,,209,20,"2600, 2700",200,8,19,39,15,"March, J. S.",22200,2021-03-27,AB,2000,81,,,"8, 9",,
81,Multidimensional Anxiety Scale for Children 2nd Edition - Self Report,https://www.pearsonclinical.ca/en/products/product-master/item-540.html,"The MASC is a normed 39-item self-report questionnaire that assesses anxiety in children and adolescents. It uses four basic scales (physical symptoms, harm avoidance, social anxiety, and separation/panic), one scale measuring total anxiety, and two additional indexes, anxiety disorder and inconsistency. Participants are asked to rate their own behavior on a 4-point scale: 0-Never true about me, 1-Rarely true about me, 2-Sometimes true about me, 3-Often true about me.",MASC-2-Self,,5,,,209,20,"2600, 2700","200, 600, 750",8,19,39,15,"March, J. S.",22200,2020-03-06,AB,2000,80,,,"8, 9",,
82,Behavior Rating Inventory of Executive Function-Preschool Version,https://www.parinc.com/Products/Pkey/26,The BRIEF-P assesses executive functioning in preschool-aged children.,BRIEF-Preschool,,,,,,20,"1800, 2600, 2700","200, 600, 1000",2,5,,15,"Gioia, G. A., Espy, K. A., Isquith, P. K.",22200,2019-12-10,AB,2013,,29200,10-15,1,,
84,Ishihara Color Vision Test,https://www.color-blindness.com/ishiharas-test-for-colour-deficiency-38-plates-edition/,"The Ishihara Color Vision Test is the most well known color blindness test. Each test consists of a set of colored dotted plates, each of them showing either a number or a path.",,,,,,,20,100,2900,,,,,"Ishihara, S.",22200,2020-03-06,AB,1917,,,,,,
86,Children's Global Assessment Scale,https://www.thereachinstitute.org/images/CGAS.pdf,"The CGAS is a numeric scale used by mental health clinicians to rate the general functioning of youths under the age of 18. Scores range from 1 to 90 or 1 to 100, with high scores indicating better functioning.",CGAS,,,,,210,20,"200, 600",2900,,18,,5,"Schaffer, D., Gould, M. S., Brasic, J., Ambrosini, P., Fisher, P., Bird, H., & Aluwahlia, S.",22200,2021-03-27,AB,1983,,"29200, 21800",5,"8, 9",,
87,Columbia Impairment Scale - Parent Version,https://eprovide.mapi-trust.org/instruments/columbia-impairment-scale,"The CIS is a 13 item parent report scale that assesses global functioning in domains of interpersonal relations, psychopathology, school performance, use of leisure time; monitors progress after 6 months of treatment.",CIS-P,,,,,191,20,"2600, 2700","200, 600",,,13,,"Bird, H., Gould, M., Staghezza, B., Chen, J., Hoven, C., Shaffer, D., & Fisher, P.",22200,2021-03-27,AB,1993,,,,"8, 9",,
88,Extended Strengths and Weaknesses Assessment of Normal Behavior,http://www.eswan.org/,"The E-SWAN is a parent self-report instrument used to help assess multiple DSM Disorders and evaluate problem behavior in children and adolescents.  The disorders include Depression, Disruptive Mood Disregulation Disorder (DMDD), Social Anxiety, and Panic Disorder.",E-SWAN,,,,,,20,"2600, 2700","200, 600",5,17,,10,"Alexander, L., Salum, S., Milham, M., & Swanson, J.",22200,2021-03-27,AB,,,,10,"8, 9",,
89,Food Frequency Questionnaire,https://epi.grants.cancer.gov/diet/usualintakes/ffq.html,"The Food Frequency Questionnaire (FFQ) is a screening tool designed to assess children's intake by food group, with outcomes measured in number of servings. The focus of these tools is on intake of fruit and fruit juices, vegetables, potatoes (including French fries), whole grains, meat/poultry/fish, dairy, legumes, saturated fat, ""added sugars"" (in sweetened cereals, soft drinks, and sweets), glycemic load and glycemic index. A secondary analysis produces estimates for intake of sugary beverages (both kcal and frequency). Individual portion sizes are asked.",FFQ,10,,,,211,20,100,2900,,,139,60,National Cancer Institute,22200,2021-03-27,AB,,,29200,30-60,,,
90,"Peabody Picture Vocabulary Test, Fourth Edition ",https://www.pearsonassessments.com/store/usassessments/en/Store/Professional-Assessments/Academic-Learning/Brief/Peabody-Picture-Vocabulary-Test-%7C-Fourth-Edition/p/100000501.html,"The PPVT-4 scale is a norm-referenced, wide-range instrument for measuring the receptive (hearing) vocabulary of children and adults. It measures understanding of the spoken word in standard American English and thus assesses vocabulary acquisition.",PPVT-4,,,,,212,20,"200, 600, 800",2900,,,37,10,"Dunn, L. M., & Dunn, D. M.",22200,2021-03-27,AB,2007,,,10-15,,,
91,PhenX School Risk and Protective Factors,https://www.phenxtoolkit.org/protocols/view/540501,The PhenX School Risk measure can be used to identify specific school-related risk and protective factors that can predict adolescent (and later life) substance use and abuse.,,,,,,"213, 214",20,"200, 600",2900,12,18,9,1,,22200,2020-03-10,AB,2012,,,1,"8, 9",,
92,PhenX Neighborhood Safety,https://www.phenxtoolkit.org/protocols/view/210901,"The PhenX Neighborhood Safety measure is used to evaluate a respondent’s feelings toward neighborhood-level crime and safety. Studies show that neighborhood safety is relevant to a range of health outcomes, such as birth weight.",,,,,,215,20,100,2900,,,3,10,"Mujahid, M. S., Diez Roux, A. V., Morenoff, J. D., & Raghunathan, T.",22200,2020-03-10,AB,2007,,,10,,,
93,Repetitive Behavior Scale - Revised ,http://fcon_1000.projects.nitrc.org/indi/enhanced/assessments/rbs-r.html,"The RBS-R is a 44-item self-report questionnaire that is used to measure the breadth of repetitive behavior in children, adolescents, and adults with Autism Spectrum disorders. The RBS-R provides a quantitative, continuous measure of the full spectrum of repetitive behaviors. The RBS-R consists of six subscales including: Stereotyped Behavior, Self-injurious Behavior, Compulsive Behavior, Routine Behavior, Sameness Behavior, and Restricted Behavior, that have no overlap of item content.",RBS-R,,6,,,216,20,"2600, 2700","200, 600",6,17,44,15,"Lam, K. S. L., Aman, M. G.",22200,2021-03-27,AB,2007,,,15,"8, 9",,
94,Sleep Disturbance Scale for Children,http://www.midss.org/content/sleep-disturbance-scale-children-sdsc,"The SDSC is a 27-item inventory rated on a 5 point Likert-type scale. The instrument’s purpose is to categorize sleep disorders in children. As well as giving an overall score the instrument uses five subdomains: disorders of initiating and maintaining sleep, sleep breathing disorders, disorders of arousal, sleep-wake transition disorders, disorders of excessive somnolence, and sleep hyperhidrosis.",SDSC,,12,,,217,20,"2600, 2700","200, 600",6,15,27,10,"Bruni, O., Ottavianio, S., Guidetti, V., Romoli, M., Innocenzi, M., Cortesi, F., & Giannotti, F.",22200,2020-03-11,AB,1996,,28550,5-10,"8, 9",,
95,Social Aptitudes Scale,http://dawba.info/SAS/psasenglish.pdf,The SAS is a 10-item parent report scale that assesses a child behaves in different social situations compared to other children of the same age. Items are rated from above to below average.,SAS,,,,,218,20,"2600, 2700","200, 600",,,10,5,"Goodman, R.",22200,2021-03-27,AB,2001,,,5,,,
96,Strengths and Difficulties Questionnaire,https://depts.washington.edu/dbpeds/Screening%20Tools/Strengths_and_Difficulties_Questionnaire.pdf,"The SDQ is a brief behavioral screening questionnaire with 25 items on psychological attributes divided between 5 scales. The extended version includes an impact supplement that asks if the caregiver if participant has experienced a problem and the degree of chronicity, distress, social impairment, and burden to others. The questionnaire is administered during the initial telephone screen with the caregiver of a child or adolescent participant. For clinical assessment, SDQ helps to determine how the protocol assessments are completed and the professionals involved.",SDQ,,,,,"219, 220, 221",20,"2600, 2700","200, 600",3,16,25,5,,22200,2021-03-27,AB,,,"29200, 68500, 30100, 30700, 21200, 22100, 27800, 22600, 35200, 28200, 19000, 19100, 28550, 28500, 29000, 30300, 21800, 7200, 19500, 30000, 66200, 33900, 73500, 24000, 24100, 21400, 16400, 19900, 41500, 16700, 21500, 30800, 42300, 16800, 70000, 29700, 19300, 2700, 18900, 40100, 25100, 29600, 1700, 75300, 75600, 26100, 26000, 3400, 2500, 23600, 3900, 72500, 30200, 74500, 20700, 20400, 24900, 18400, 75900, 67920, 76100, 26300, 20600, 72300, 72400, 1000, 37850, 45400, 26500, 3700, 44000, 67930, 26800, 25900, 62000",5,"8, 9",,
97,Yale Global Tic Severity Scale ,https://dcf.psychiatry.ufl.edu/files/2011/06/TIC-YGTSS-Clinician.pdf,"The Y-GTSS is a semi-structured clinician rated instrument that assesses the nature of motor and phonic tics, and is administered as part of the KSADS interview, if indicated.",Y-GTSS,,,,,222,20,"200, 600",2900,6,17,,10,"Leckman, J. F., Hardin, M. T., Swartz, K. L., Stevenson, J., Cohen, D. J., Riddle, M. A., Ort, S. I.",22200,2021-03-27,AB,1989,,"29200, 27800, 30800",10,,6,
98,The World Health Organization Disability Assessment Schedule 2.0 - Self Report,https://www.who.int/classifications/icf/whodasii/en/,"The WHODAS is a generic assessment instrument for health and disability. It assesses function across domains of cognition, mobility, self-care, getting along, life activities, and participation.",WHODAS 2.0-SR,,,,,192,20,100,2900,,,12,5,World Health Organization,22200,2021-03-27,AB,2010,,,5,,,
99,University of California Los Angeles Trauma Reactivity Scale for DSM-5 ,https://arfamiliesfirst.com/wp-content/uploads/2013/05/UCLA-PTSD-Index-Instructions-1.pdf,"The UCLA is a 31-item questionnaire used to assess PTSD symptoms. When answering the questions, the child should think about the traumatic event that is most bothersome to him/her currently and rate the frequency of symptoms in the past month.",UCLA-DSM-5,165,,,,224,20,"600, 800",2900,5,18,31,15,,22200,2020-03-12,AB,,,,15,"8, 9",,
100,Kiddie Schedule for Affective Disorders and Schizophrenia,https://www.kennedykrieger.org/sites/default/files/library/documents/faculty/ksads-dsm-5-screener.pdf,The K-SADS combines dimensional and categorical assessment approaches to diagnose current and past episodes of psychopathology in children and adolescents according to DSM-5 criteria,K-SADS,,"1, 2, 3, 4, 5, 6, 7, 10, 15, 16",,,,20,"2100, 2200, 2300, 2400","200, 600, 1000, 2600, 2700",6,18,,,"Kaufman, J., Birmaher, B., Axelson, D., Perepletchikova, F., Brent, D., & Ryan, N.",22200,2020-03-06,AB,2016,,"29200, 68500, 21200, 22100, 27800, 22600, 28200, 19000, 19100, 28550, 21800, 7200, 73500, 21400, 16400, 24700, 30800, 16800, 16900, 29600, 26100, 2500, 26900",,,,
101,Vineland Adaptive Behavior Scale - Parent/Caregiver Rating Form - Second Edition,https://www.pearsonassessments.com/store/usassessments/en/Store/Professional-Assessments/Behavior/Adaptive/Vineland-Adaptive-Behavior-Scales-%7C-Third-Edition/p/100001622.html#tab-details,,,,,,,,20,"2600, 2700","200, 600",,,,,,22200,2020-03-12,AB,,,29200,,,,
102,Pregnancy and Birth Questionnaire ,,,,,,,,,20,800,2900,,,,,,22200,2020-03-11,AB,,,29200,,,,
104,Yale-Brown Obsessive Compulsive Scale ,http://fcon_1000.projects.nitrc.org/indi/enhanced/assessments/bocs.html,"The Y-BOCS is a semi-structured clinician rated instrument to assess the severity of obsessive-compulsive disorder (OCD) symptoms that is administered as part of the KSADS interview, if indicated.",Y-BOCS,154,,,,179,20,800,2900,18,,10,,"Goodman, W, K., Price, L. H., Rasmussen, S. A., Mazure, C., Fleischmann, R. L., Hill, C. L., Heninger, G. R., Charney, D. S.",22200,2021-03-27,AB,1989,,"28200, 28550, 70000",,5,,
107,Young Mania Rating Scale,https://dcf.psychiatry.ufl.edu/files/2011/05/Young-Mania-Rating-Scale-Measure-with-background.pdf,The YMRS is a rating scale used to evaluate manic symptoms at baseline and over time in individuals with mania.,YMRS,,3,,,,20,"600, 800",2900,,,11,,"Young, R. C., Briggs, J. T., Ziegler, V. E., Meyer, D. A.",22200,2020-03-12,AB,1978,,,15-30,,,
108,The Children's Behavior Questionnaire (Very Short Form),https://research.bowdoin.edu/rothbart-temperament-questionnaires/instrument-descriptions/the-childrens-behavior-questionnaire/,"The CBQ-VSF is a 36-item informant-report questionnaire assessing temperament of children (ages 3 - 8). The questionnaire is designed to capture three broad dimensions: surgency/extraversion, negative affectivity, and effortful control. Informants are asked to rate their child based on how they feel that their child’s reaction is likely to be in a variety of situations. Responses are given on a 7-point scale ranging from 1 (extremely untrue of my child) to 7 (extremely true of my child). The questionnaire is designed to capture three broad dimensions: surgency/extraversion, negative affectivity, and effortful control. Participants are asked to rate how well the items describe their child on a 7-point scale: 1-extremely untrue of my child, 2-quite untrue, 3- slightly untrue, 4-neither true nor untrue, 5-slightly true, 6-quite true, 7-extremely true of my child.",CBQ-VSF,,,,,226,20,"2600, 2700","200, 1000",6,8,36,,"Putnam, S. P., & Rothbart, M. K.",22200,2020-03-11,AB,2006,,"68500, 22100, 27800, 23200, 28550, 21500, 30800, 26000, 2500",,8,,
109,Geriatric Depression Scale,https://integrationacademy.ahrq.gov/sites/default/files/Update%20Geriatric%20Depression%20Scale-30_0.pdf,"The GDS Long Form is a brief, 30-item questionnaire in which participants are asked to respond by answering yes or no in reference to how they felt over the past week.",GDS,,4,,,,20,"900, 950",2900,65,,30,20,"Yesavage, J. A., Brink, T. L., Rose, T. L., Lum, O., Huang, V., Adey, M. B., Adey, M. B., & Leirer, V. O.",22200,2020-01-27,AB,1983,,"29200, 3400, 19600, 30000, 68500, 66200, 21200, 22100, 26100, 27800, 22600, 23200, 2500, 24100, 35200, 21400, 40100, 20700, 28200, 19000, 19100, 2700, 19900, 41500, 21500, 28500, 29000, 29600, 30300, 21800, 70000, 16800, 7200, 19300, 20400, 23000",10-20,6,,
110,Child Eating Behavior Questionnaire,https://www.midss.org/content/child-eating-behaviour-questionnaire-cebq,"The CEBQ is a 35-item informant-report questionnaire assessing eating style in children. Eating style is assessed on 8 scales (food responsiveness, enjoyment of food, emotional overeating, desire to drink, satiety responsiveness, slowness in eating, emotional undereating, and fussiness). Informants rate the frequency of their child’s behaviors and experiences on a 5-point scale: 1-never, 2-rarely, 3-sometimes, 4-often, 5-always.",CEBQ,,10,,,227,20,"2700, 2800","200, 600, 1000",6,11,35,,"Wardle, J., Guthrie, C. A., Sanderson, S., & Rapoport, L.",22200,2019-12-19,AB,2001,,,,8,,
111,The Cambridge-Hopkins Restless Legs Syndrome (Version 2) ,https://drjenna.net/wp-content/uploads/2013/07/ch-rlsq.pdf,The CHRLS questionnaire is a diagnostic self-report assessing symptoms of restless leg syndrome. The questionnaire consists of 13 questions of varying types.,CHRLS,245,,,,,20,800,2900,13,85,13,,"Allen, R. P., Burchell, B. J., MacDonald, B., Hening, W. A., & Earley, C. J.",22200,2020-03-11,AB,2009,,24100 ,,,,
112,Eating Disorder Examination Questionnaire,http://cedd.org.au/wordpress/wp-content/uploads/2014/09/Eating-Disorder-Examination-Questionnaire-EDE-Q.pdf,The CHRLS questionnaire is a diagnostic self-report assessing symptoms of restless leg syndrome. The questionnaire consists of 13 questions of varying types.,EDEQ,,10,,,228,20,"2200, 2300, 2400, 2500",2800,13,85,36,,"Fairburn, C. G., & Cooper, Z.",22200,2019-12-19,AB,1993,,,,"5, 9",,
113,Interpersonal Reactivity Index,https://fetzer.org/sites/default/files/images/stories/pdf/selfmeasures/EMPATHY-InterpersonalReactivityIndex.pdf,"The IRI is a 28-item self- report, and is a well-validated multidimensional measure of empathic ability. Each item includes a statement about thoughts and feelings in a variety of situations, and participants are asked to indicate how well each statement describes them on a 5-point scale: 0-Does not describe me well to 4-Describes me very well.",IRI,,,,,"229, 230",20,"600, 800",2900,13,85,28,,"Davis, M. H.",22200,2020-01-30,AB,1980,,"29200, 68500, 27800, 22600, 21800",,"5, 9",,
114,The 21-Item Peters et al. Delusions Inventory,https://osf.io/ywtx5/,"The PDI-21 is a self-report designed to measure schizotypal traits and symptoms in the general population, using the Present State Examination as a template. The PDI-21 incorporates the multidimensionality of delusions, including measures of distress, preoccupation, and conviction.",PDI-21,,2,,,231,20,800,2900,11,85,21,,"Peters, E., Joseph, S., Day, S., & Garety, P.",22200,2020-03-11,AB,2004,,"29200, 68500, 22100, 27800, 28200, 19000, 19100, 28550, 28500, 29600",,"5, 9",,
115,Pittsburgh Sleep Quality Index,https://consultgeri.org/try-this/general-assessment/issue-6.1.pdf,"The PSQI is a 10-item self-report questionnaire that is designed to measure sleep quality in clinical populations, and assess usual sleep habits during the past one-month. This scale generates seven “component” scores: subjective sleep quality, sleep latency, sleep duration, habitual sleep efficiency, sleep disturbances, use of sleeping medication, and daytime dysfunction. Items 1-4 inquire about the amount of sleep and responses are recorded in free-text boxes. Items 5-10 inquire about specific sleep behaviors and quality, which are rated on 4-point scale.",PSQI,,12,,,232,20,"600, 800",2900,13,85,9,,"Buysse, D. J., Reynolds, C. F., Monk, T. H., Berman, S. R., & Kupfer, D. J.",22200,2020-03-10,AB,1989,,,,"5, 9",,
116,Emotional Regulation Questionnaire,https://fetzer.org/sites/default/files/images/stories/pdf/selfmeasures/Self_Measures_for_Personal_Growth_and_Positive_Emotions_EMOTION_REGULATION.pdf,"The ERQ is a 10-item, self-administered, Likert scale questionnaire for adults that is designed to assess individual differences in the habitual use of two emotion regulation strategies: cognitive reappraisal and expressive suppression. Items are rated on a seven point scale: 1-Strongly Disagree, 4-Neutral, 7-Strongly Agree. The questionnaire provides scores for reappraisal and suppression.",ERQ,,,,,233,20,"600, 750, 800",2900,18,,10,,"Gross, J. J., & John, O. P.",22200,2019-12-19,AB,2003,,,,5,,
117,The Penn State Worry Questionnaire,https://www.midss.org/content/penn-state-worry-questionnaire-pswq,"The PSWQ is a self-administered, 16-item, Likert-type scale designed to measure worry. It is considered by many to be the “gold-standard” for assessing worry. The items on the scale assess the occurrence, intrusiveness, pervasiveness, and other characterizing features of an individual’s experience with worry. The scale has been shown to identify worry, over and above anxiety and depression. Items are rated on a five-point scale: 1-Not at all typical of me to 5-Very typical of me. Possible range of scores is 16-80 with the algorithm of Total scores: 16-39Low Worry, 40-59 Moderate Worry, and 60-80 High Worry.",PSWQ,149,5,,,234,20,"600, 800",2900,,,16,,"Meyer, T. J., Miller, M. L., Metzger, R. L., & Borkovec, T. D.",22200,2020-03-11,AB,1990,,"29200, 22100, 27800, 22600, 28200",,,,
118,Ruminative Responses Scale,http://www-personal.umich.edu/~gonzo/RuminationScale.pdf,"The RRS is a revision of the original, longer Response Styles Questionnaire. The RRS was developed to more directly and reliably assess rumination that is related to, but not confounded by depression. The 22 items of the RRS measure two aspects of rumination, brooding and reflective pondering. Items are rated on a four-point scale: 1-Almost Never, 2-Sometimes, 3-Often, 4-Almost always. The questionnaire provides scores for the following scales: Brooding, Reflection, and Depression",RRS,,4,,,235,20,"600, 800",2900,,,22,,,22200,2020-03-11,AB,,,"29200, 68500, 19000, 7200, 26900",,,,
119,Short Imaginal Process Inventory,https://www.ocf.berkeley.edu/~jfkihlstrom/ConsciousnessWeb/Meditation/IPI_Short.htm,"The SIPI is a 45-item, self-administered, Likert scale questionnaire designed to measure aspects of daydreaming style and content, mental style, and general inner experience. Items are rated on a five-point scale: 1-Very true or strongly characteristic of me, 2-Moderately true or characteristic of me, 3-Neither particularly characteristic nor uncharacteristic of me, 4-Moderately untrue or uncharacteristic of me, 5-Definitely untrue or strongly uncharacteristic of me.",SIPI,,,,,236,20,"600, 800",2900,,,45,,"Huba, Singer, Aneshensel, & Antrobus",22200,2020-03-11,AB,1982,,,,,,
120,Ohio State University TBI Identification Method Short Form ,http://www.nchv.org/images/uploads/B2%20-%20Edmonston%20Handout.pdf,"The OSU TBI-ID-SF is a standardized, short, structured interview designed to elicit a rich lifetime TBI history.",OSU TBI-ID-SF,,,,,,20,100,2900,,,9,,"Corrigan, J., & Bogner, J.",22200,2020-03-08,AB,,,,,,,
121,Vancouver Index of Acculturation,http://www.midss.org/content/vancouver-index-acculturation,The VIA is a measure of acculturation that distinguishes the acquisition of the new (host) cultural tendencies from the loss of old (Heritage) cultural tendencies,VIA,,,,,,20,800,2900,,,20,,"Paulhus, D. L.",22200,2020-03-12,AB,2013,,,,,,
122,The Hollingshead Four Factor Index of Socioeconomic Status,http://fcon_1000.projects.nitrc.org/indi/enhanced/assessments/ses-child.html,"The SES-Child is a survey designed to measure social status of an individual based on four domains: marital status, retired/employed status, educational attainment, and occupational prestige.",SES-Child,,,,,237,20,"2600, 2700",2900,6,17,,,"Hollingshead, A. A.",22200,2020-03-11,AB,1975,,,,5,,
123,Hollingshead Four Factor Index of Socioeconomic Status-Child Version,http://fcon_1000.projects.nitrc.org/indi/enhanced/assessments/ses-child.html,"The Hollingshead Four Factor Index of Socioeconomic Status is a survey designed to measure social status of an individual based on four domains: marital status, retired/employed status, educational attainment, and occupational prestige.",SES-Child,,,,,237,20,"2600, 2700","200, 600",6,17,,,"Hollingshead, A. A.",22200,2020-01-27,AB,1975,,,,"8, 9",,
125,General Medical History Form: Adult ,https://www.ghcscw.com/SiteCollectionDocuments/General_Medical_History_Adult.pdf,,,,,,,,20,800,2900,,,,,,22200,2020-03-06,AB,,,,,5,,
126,Sex Role Identity Scale,http://fcon_1000.projects.nitrc.org/indi/enhanced/assessments/SRIS.html,The Sex Role Identity Scale assesses an individual’s gender role characterization.,,,,,,238,20,"600, 800",2900,13,85,,,"Storms, M. D.",22200,2020-03-11,AB,1979,,,,,,
127,PhenX Sexual History,http://fcon_1000.projects.nitrc.org/indi/enhanced/assessments/PhenX.html,The PhenX provides an objective assessment of self-reported sexual behaviors.,,,,,,,20,"600, 800",2900,13,85,8,,,22200,2020-03-10,AB,,,,,"5, 9",,
129,Adult ADHD Clinical Diagnostic Scale,https://eprovide.mapi-trust.org/instruments/adult-adhd-clinical-diagnostic-scale,To assess childhood Attention-Deficit/Hyperactivity Disorder (ADHD) and expanded symptoms of current adult ADHD for the diagnosis of adult ADHD according to DSM-5 criteria,ACDS,14,,,,,20,800,2900,13,80,18,,"Adler, L. & Cohen, J.",22200,2019-12-02,AB,2004,,22200,,"5, 9",,
132,"Behavior Assessment System for Children, Second Edition - Self-Report of Personality (Ages 8-11)",https://cloudfront.ualberta.ca/-/media/ualberta/faculties-and-programs/centres-institutes/community-university-partnership/resources/tools---assessment/basc-2jan-2012.pdf,The BASC-2 SRP/8-12 assesses behavior and emotions in children and adolescents,BASC-2 SRP/8-11,,"1, 4, 5, 9, 15",,,,20,200,2900,8,11,,30,"Reynolds, C. R., & Kamphaus, R. W.",22200,2019-12-10,AB,2004,"1331, 1334",29200,30,8,,
133,"Behavior Assessment System for Children, Second Edition - Self-Report of Personality (Ages 12-21)",https://cloudfront.ualberta.ca/-/media/ualberta/faculties-and-programs/centres-institutes/community-university-partnership/resources/tools---assessment/basc-2jan-2012.pdf,The BASC-2 SRP/12-22 assesses behavior and emotions in children and adolescents,BASC-2 SRP/12-21,,"1, 4, 5, 9, 15",,,,20,"600, 750",2900,12,21,,30,"Reynolds, C. R., & Kamphaus, R. W.",22200,2019-12-10,AB,2004,"1332, 1335, 1337",29200,30,"5, 8, 9",,
135,Perseverative Thinking Questionnaire,http://fcon_1000.projects.nitrc.org/indi/enhanced/assessments/PTQ.html,"The PTQ is a self-administered, 15-item, Likert-type scale designed to measure the broad idea of repetitive negative thought. The items on the scale assess what are considered to be the core aspects of repetitive negative thought: 1) their repetitive and intrusive nature, 2) the perceived unproductive nature of these thoughts, and 3) the way in which this type of thinking captures mental capacity. Items are rated on a five-point scale: 0-Never, 1-Rarely, 2-Sometimes, 3-Often, 4-Almost Always.",PTQ,,,,,240,20,"600, 800",2900,,,15,,"Ehring, T., Xetsche, U., Weidacker, K., Wahl, K., Schönfeld, S., & Ehlers, A.",22200,2020-03-08,AB,2011,,"22100, 27800, 22600",,,,
136,Affect Intensity Measure,http://www.midss.org/content/affect-intensity-measure-aim-long-and-short-form,"The AIM is a self-administered, 40-item, Likert scale questionnaire designed to measure the strength or weakness with which one experiences both positive and negative emotions. The questionnaire provides scores for the following scales: Negative Intensity, Positive Intensity, Negative Affectivity, and Positive Affectivity. Items are rated on a six-point scale: 1-Never, 2-Almost Never, 3-Occasionally, 4-Usually, 5-Almost Always, 6-Always.",AIM,,,,,241,20,"2600, 2700","200, 400, 600",,,40,,"Larsen, R. J.",22200,2019-12-10,AB,1984,,,,,,
137,2011 Middle School Youth Risk Behavior Survey,ftp://ftp.cdc.gov/pub/data/yrbs/2011/2011_ms_questionnaire.pdf,"The YRBS-MS is a 45-item self-report questionnaire developed by the Center for Disease Control and Prevention (CDC), used to measure risky behavior in teens and young adults. The focus of the YRBS is to determine incidence and prevalence of specific behaviors in six areas that contribute to leading causes of morbidity and mortality in adolescents and adults. These six areas include: unintentional and intentional injuries; tobacco use; alcohol and other drug use; sexual behaviors that contribute to unintended pregnancy and STD; dietary behaviors that result in disease; and physical inactivity. Behaviors are rated on a multiple-choice response format.",YRBS-MS,,,,,241,20,1300,2900,11,14,45,,Centers for Disease Control and Prevention,22200,2019-12-02,AB,2011,,,,3,,
138,2011 High School Youth Risk Behavior Survey,http://www.midss.org/content/youth-risk-behavior-surveillance-system-national-high-school-yrbs-nhs,"The YRBS-HS is a 79-item self-report questionnaire developed by the Center for Disease Control and Prevention (CDC), used to measure risky behavior in teens and young adults. The focus of the YRBS is to determine incidence and prevalence of specific behaviors in six areas that contribute to leading causes of morbidity and mortality in adolescents and adults. These six areas include: unintentional and intentional injuries; tobacco use; alcohol and other drug use; sexual behaviors that contribute to unintended pregnancy and STD; dietary behaviors that result in disease; and physical inactivity. Behaviors are rated on a multiple-choice response format.",YRBS-HS,,,,,242,20,1400,2900,14,18,86,,Centers for Disease Control and Prevention,22200,2019-12-02,AB,2011,,,,4,,
139,UPPS-P Impulsive Behavior Scale,http://www1.psych.purdue.edu/~dlynam/upps+p.doc,"The UPPS-P is a 59-item self-report that assesses five subscales (urgency, premeditation, perseverance, sensation seeking, and positive urgency) that are used to measure five distinct dimensions of impulse behavior in adolescents and adults (ages 12 and older). It is designed to measure impulsivity across dimensions of the Four Factor Model of personality: Premeditation (lack of), Urgency, Sensation Seeking, Perseverance (lack of).The Scale is not considered a measure of trait impulsivity, rather, the scales reflect distinct personality traits that lead to impulsive-type behavior. Participants are asked to consider acts/incidents during the last 6 months when rating their behavior and attitudes on a 4-point scale, in which 1-Agree strongly, 2-Agree some, 3-Disagree some, 4-Disagree strongly.",UPPS-P,,6,,,"243, 244",20,"600, 800",2900,18,85,59,,"Whiteside, S. P., & Lynam, D. R.",22200,2020-03-12,AB,2001,,"22100, 27800, 22600, 28200, 19100, 28550, 30800, 26100, 3400",,5,,
140,University of California at Los Angeles Posttraumatic Stress Disorder Reaction Index for DSM-4 (child version-ages 7-12):,https://arfamiliesfirst.com/wp-content/uploads/2013/05/UCLA-PTSD-Index-Instructions-1.pdf,The UCLA-Youth PTSD index for DSM-IV is a 48-item self report used to screen both for exposure to traumatic events and for all DSM-IV PTSD symptoms in school age children and adolescents (ages 7-12) who report traumatic stress experiences. These instruments are meant to serve as brief screening tools to provide information regarding trauma exposure and PTSD symptoms.,"Pynoos, Rodriguez, Steinberg, Stuber, & Frederick,C",165,,,,245,20,200,2900,8,85,48,,,22200,2020-03-12,AB,,,,,"5, 8, 9",,
141,University of California at Los Angeles Posttraumatic Stress Disorder Reaction Index for DSM-4 (Parent version):,https://arfamiliesfirst.com/wp-content/uploads/2013/05/UCLA-PTSD-Index-Instructions-1.pdf,The UCLA-Parent PTSD index for DSM-IV is a 48-item parent report used to screen both for exposure to traumatic events and for all DSM-IV PTSD symptoms in school age children and adolescents (ages 7-12) who report traumatic stress experiences. These instruments are meant to serve as brief screening tools to provide information regarding trauma exposure and PTSD symptoms. ,,165,,,,245,20,"2600, 2700",200,6,17,48,,,22200,2020-03-12,AB,,,,,"8, 9",,
142,Trauma Symptom Checklist for Children,https://www.parinc.com/Products/Pkey/461,"The TSC-C is a 54-item self-report inventory assessing posttraumatic stress in children (ages 8 -17) who have experienced traumatic events such as physical or sexual abuse, major loss, natural disaster, or violence. The following clinical scales are assessed: Anxiety, Depression, Anger, Posttraumatic Stress, Dissociation, and Sexual Concerns. Child participants are asked to rate the frequency of certain thoughts and behaviors on a 4-point scale: 0-Never 1-Sometimes, 2-Lots of the time, 3-Almost all the time.",TSC-C,,7,,,246,20,"200, 600",2900,8,16,54,,"Briere, J. N.",22200,2020-03-12,AB,1996,,29200,15-20,"8, 9",,
143,Social Networking Questionnaire,http://fcon_1000.projects.nitrc.org/indi/enhanced/assessments/SNQ.html,The Social Networking Questionnaire assesses social interactions and supports.,,,,,,247,20,800,2900,22,85,,,,22200,2020-03-11,AB,,,,,5,,
144,Nathan Kline Institute Satisfaction Survey-Child,,,,,,,,,20,"200, 600",2900,,,,,,22200,2020-03-08,AB,,,,,,,
145,Nathan Kline Institute Participant Satisfaction Survey-Adult,http://fcon_1000.projects.nitrc.org/indi/enhanced/assessments/satisfaction.html,"This Satisfaction Survey is a 25-item questionnaire created by study staff in order to obtain feedback from participants on their experience in the study. Questions are asked about the screening process, and about both days of participation.",,,,,,,20,2900,"200, 600, 750",18,85,25,,,22200,2020-03-08,AB,,,,,"600, 800",,
146,NEO Five Factor Inventory - 3 ,https://www.parinc.com/Products/Pkey/274,"The NEO-FFI-3 is a 60-item psychological personality inventory that assesses based on the five-factor model: Openness to Experience, Conscientiousness, Extraversion, Agreeableness, and Neuroticism. Participants are asked to select the response that best represents their opinion on a 5-point scale: 0-Strongly Agree, 1-Agree, 2-Neutral, 3-Disagree, 4-Strongly Disagree.",NEO-FFI-3,,,,,248,20,800,2900,12,99,60,,"Costa, P. T., & McCrae, R. R.",22200,2020-03-08,AB,,,"29200, 68500, 30100, 35200, 28200, 19000, 19100, 28550, 29000, 30300, 7200, 22000, 19500, 30000, 33900, 21400, 16400, 19900, 41500, 24700, 30800, 70000, 3200, 19300, 2700, 40100, 29600, 72300, 75300, 26000, 3400, 2500, 75700, 18400, 76500, 30500",10-15,"200, 600, 800",,
147,International Physical Activity Questionnaire - Short Form,https://journals.plos.org/plosone/article/file?type=supplementary&id=info:doi/10.1371/journal.pone.0219193.s010,"The purpose of the International Physical Activity Questionnaires (IPAQ) is to provide a set of well-developed instruments that can be used internationally to obtain comparable estimates of physical activity. This questionnaire asks the participant about time spent being physically active in the last 7 days, and includes activities that are done at work, as part of house and yard work, getting from place to place, and in spare time for recreation, exercise, and sport. The participant is asked about time spent in vigorous physical activities (referring to activities that take hard physical effort and make you breathe much harder than normal) and moderate activities (referring to activities that take moderate physical effort and make you breathe somewhat harder than normal). The participant is asked to indicate how many days in the last week were spent in either vigorous or moderate activities as part of each aspect of their lives, and further asked to indicate how much time is spend on those activities each day (in hours and minutes).",IPAQ,,,,,249,20,"600, 800",2900,15,69,7,,,22200,2020-01-30,AB,1998,,"29200, 30100, 21200, 22100, 27800, 22600, 23200, 28200, 19100, 33900, 21400, 19900, 41500,  21500, 26000, 3400, 2500, 26900, 76000, 75700",,"5, 9",,
148,A Domain-Specific Risk-Taking (DOSPERT) scale for adult populations.,http://www.midss.org/content/youth-risk-behavior-surveillance-system-national-high-school-yrbs-nhs,"The DOSPERT is a psychometric scale that assesses risk taking in five content domains: financial decisions (separately for investing versus gambling), health/safety, recreational, ethical, and social decisions. Respondents rate the likelihood that they would engage in domain-specific risky activities (Part I). An optional Part II assesses respondents’ perceptions of the magnitude of the risks and expected benefits of the activities judged in Part I.",DOSPERT,,,,,,20,800,2900,13,80,40,,"Weber, E. U., & Blais, A. R.",22200,2019-12-19,AB,2002,,"22600, 29200, 35200, 22100, 68500",,"5, 9",,
149,The Cognitive Failures Questionnaire,https://www.ocf.berkeley.edu/~jfkihlstrom/ConsciousnessWeb/Meditation/CFQ.htm,"The CFQ is a 25-item self-report questionnaire assessing failures in perception, memory, and motor function in the completion of everyday tasks in the past 6 months. Individuals are asked to rate the frequency experiences and behaviors on a 5-point scale: 0-Never, 1-Very rarely, 2-Ocassionally, 3-Quite often, 4-Very often.",CFQ,,,,,"251, 252",20,800,2900,16,85,25,,"Broadbent, D. E., Cooper, P. F., FitzGerald, P., & Parkes, K. R.",22200,2020-03-11,AB,1982,,"29200, 22100, 27800, 22600, 28550, 7200, 2500",,"5, 9",,
150,Three Factor Eating Questionnaire,http://fcon_1000.projects.nitrc.org/indi/enhanced/assessments/tfeq.html,"The TFEQ is a 51-item self-report questionnaire designed for adolescents and adults (ages 12 and up). This assessment is designed to measure 3 dimensions of human eating behavior: cognitive restraint of eating (Factor I - 20 items), disinhibition (Factor II - 16 items), and hunger (Factor III - 15 items). The minimum score for factors I-II-III is therefore 0-0-0, and maximum possible score is 20-16-15. Part I includes items 1-36 and are rated either 1-True or 0-False. Part II includes items 37-51 and is rated on a 4-point scale with the exception of item 50, which is rated on a 6-point scale.",TFEQ,,10,,,253,20,"600, 800",2900,12,85,51,,"Stunkard, A. J., & Messick, S.",22200,2020-03-12,AB,1985,,"29200, 27800,73500, 41500, 66200",,"5, 9",,
151,Comprehensive Adolescent Severity Inventory,https://njsams.rutgers.edu/samsmain/casi2007download.pdf,"The CASI is a comprehensive, semi-structured, clinical assessment and outcomes interview. It is comprised of 10 independent modules, each incorporating objective, focused, and concrete question. Modules include health, family, stressful life events, legal status, sexual behavior, AOD use, mental health functioning, peer relationships, education, and use of free time. Questions are formatted to identify whether certain behaviors have ever occured regularly, how old the adolescent was when they first occurred regularly, and whether they occurred regularly during th past year. Each module assesses whether the adolescent acknowledges the presence of problems and obtains his/her rating of discomfort. The CASI also includes questions designed to assess the strength-base of the youth.",CASI-A,,,,,,20,"2200, 2300, 2400, 2500",600,16,20,,,"Meyers, K., McLellan, A. T., Jaeger, J. L., & Pettinati, H. M.",22200,2019-12-19,AB,1995,,,,"5, 9",,
152,Adult Temperament Questionnaire,http://fcon_1000.projects.nitrc.org/indi/enhanced/assessments/atq.html,"The ATQ short form is a 77-item self-report questionnaire for adults (ages 18 and over) assessing constructs of temperament and personality. The measure includes constructs of effortful control, negative affect, extraversion/surgency, and orienting sensitivity. Participants are asked to rate how well the items describe them on a 7-point scale: 1-extremely untrue, 2-quite untrue, 3-slightly true, 4-neither true or false, 5-slightly true, 6-quite true, 7-extremely true.",ATQ,,,,,254,20,800,2900,16,85,177,,"Evans, D. E., & Rothbart, M. K.",22200,2019-12-10,AB,2007,,"68500, 30700, 22100, 73500, 27800, 22600, 23200, 2500, 28200, 19000, 19100, 26900, 30800, 28550, 28500, 29000, 29200, 21800, 7200, 26000",,"5, 9","3, 4, 5",4
153,Early Adolescent Temperament Questionnaire - Revised Parent Report ,https://research.bowdoin.edu/rothbart-temperament-questionnaires/instrument-descriptions/the-early-adolescent-temperament-questionnaire/,"The EATQ-R (Parent Report) is a 62-item assessment of temperament and behavior in children and adolescents (ages 9 to 15 years old). The following scales are included: activation control, affiliation, attention, fear, frustration, high-intensity pleasure, inhibitory control, shyness, and aggression and depressive mood. Parents are asked to rate how true the characteristics and behaviors are of their child on a 5-point scale: 1-Almost always untrue, 2-Usually untrue, 3-Sometimes true, sometimes untrue, 4-Usually true, 5-Almost always true.",EATQ-R,,4,,,"255, 256, 257",20,"2600, 2700","200, 600, 1000",9,15,62,,"Ellis, L. K., & Rothbart, M. K.",22200,2019-12-19,AB,2001,,"3400, 27600, 30700, 22100, 26100, 73500, 28200, 19000, 21500, 30800, 28550, 28500, 29000, 29200, 21800",,"8, 9",,
154,Older Adult Self Report,https://store.aseba.org/OLDER-ADULT-SELF-REPORT/productinfo/011/,"The OASR is a 127-item self-administered instrument designed for older adults (ages 60-90) that examines diverse aspects of adaptive functioning and problems. Participants are asked to review a list of items that describe people, and select the best answer to describe themselves over the past two months on a 3-point scale: 0-Not true, 1-Somewhat or Sometimes True, 2-Very True or Often True. The questionnaire provides scores for the following syndrome scales: anxious/depressed, worries, somatic complaints, functional impairment, memory/cognition problems, thought problems, and irritable/disinhibited. The questionnaire provides scores for the following DSM-oriented scales: depressive problems, anxiety problems, somatic problems, dementia problems, psychotic problems, and antisocial personality problems. Additionally, the questionnaire asks about their use of tobacco, alcohol, and drugs.",OASR,,"2, 4, 5, 9, 15",,,178,20,"900, 950",2900,60,99,127,,"Achenbach, T. M., Newhouse, P. A., & Rescorla, L. A.",22200,2020-03-08,AB,2004,,,,5,,
155,Trauma Symptom Checklist for Adults,https://www.une.edu/sites/default/files/Trauma-Symptom-Checklist.pdf,"The TSC-40 is a 40-item self-report that evaluates symptomology in adults (ages 18 and older) associated with childhood or adult traumatic experiences. The TSC-40 consists of six subscales: Anxiety, Depression, Dissociation, Sexual Abuse Trauma Index (SATI), Sexual Problems, and Sleep Disturbance, and includes a Total Score as well. Each symptom item is rated according to it’s frequency of occurrence over the past two months using a 4-point scale: 0-Never, to 3-Often.",TSC-40,,7,,,"259, 260",20,800,2900,18,85,40,,"Briere, J. N. & Runtz, M. G.",22200,2020-03-12,AB,1989,,"29200, 19100",,5,,
156,Demographics,,,,,,,,,20,2600,2900,,,,,,22200,2019-12-19,AB,,,,,,,
157,Selective Mutism Questionnaire ,https://www.oxfordclinicalpsych.com/view/10.1093/med:psych/9780195391527.001.0001/med-9780195391527-interactive-pdf-002.pdf,,SMQ,136,,,,,20,"2600, 2700","200, 600",,,23,,Shipon-Blum,22200,2020-03-11,AB,2005,,,,,,
158,Beck Anxiety Inventory,https://www.gphealth.org/media/1087/anxiety.pdf,The BAI is a self-report measure of anxiety.,BAI,,5,,,,20,800,2900,17,80,21,10,"Beck, A. T., Epstein, N., Brown, G., & Steer, R. A.",22200,2019-12-10,AB,1988,,"29200, 28550, 68500, 28200, 21200, 19100, 21500, 21800, 27800, 22600",5-10,"5, 9",,
159,Social Responsiveness Scale-2 Pre-School,https://www.wpspublish.com/srs-2-social-responsiveness-scale-second-edition,"The SRS-2 maintains continuity with the original instrument as an efficient quantitative measure of the various dimensions of interpersonal behavior, communication, and repetitive/stereotypic behavior characteristic of autism spectrum disorders (ASD).",SRS-P,13,,,,,20,"1800, 2500, 2600, 2700",1100,5,5,,,,22200,2021-03-27,AB,,,"28550, 21200, 22100, 27800, 22600, 28200, 19000, 21500, 21800",,,,
160,Inventory of Callous and Unemotional Traits  - Youth Self Report,http://labs.uno.edu/developmental-psychopathology/ICU.html,"The Inventory of Callous-Unemotional Traits (ICU) is a 24-item questionnaire designed to provide a comprehensive assessment of callous and unemotional traits.  These traits have proven to be important for designating a distinct subgroup group of antisocial and aggressive youth. The ICU has three subscales:  Callousness, Uncaring, and Unemotional. Adolescent participants are asked to indicate how well each statement describes them on a 4-point scale: 0-Not true at all, 1-Somewhat true, 2-Very true, 3-Definitely true.",ICU-SR,,,,,188,20,"200, 600",2900,13,17,24,15,"Frick, P. J.",22200,2020-01-30,AB,2004,40,"29200, 68500, 21200, 22100, 27800, 23200, 35200, 28200, 19000, 28550, 28500, 29000, 21800, 24100, 21500, 30500, 42300, 70000, 26000, 2500, 26900, 24900",10-15,9,,
161,Child Behavior Checklist for Ages 6-18 - Parent Report Form,https://aseba.org/school-age/,"The CBCL/6-18 is a 113-item informant-report questionnaire assessing behavioral competency and behavioral problems in children (ages 6 - 18) within the past six months. The following syndrome scales are assessed: anxious/depressed, withdrawn/depressed, somatic complains, social problems, thought problems, rule-breaking behavior, and aggressive behavior. The following DSM-oriented scales are assessed: affective problems, anxiety problems, somatic problems, attention deficit/hyperactivity problems, oppositional defiant problems, and conduct problems. Additionally, there are 20 social competency items used to obtain parents’ reports of the amount and quality of their child’s participation in sports, hobbies, games, activities, organizations, jobs and chores, friendships, how well the child gets along with others and plays and works by him/herself, and school functioning. Behaviors are rated on a 3-point scale: 0-Not true (as far as you know), 1-Somewhat or sometimes true, 2-Very true or often true.",CBCL/6-18,,"1, 4, 5, 7, 9, 12, 15",,,175,20,"2600, 2700","200, 600",6,18,113,,"Achenbach, T. M., & Rescorla, L. A.",22200,2019-12-10,AB,2001,,"22000, 19500, 2700, 18900, 30000, 27600, 68500, 66200, 30100, 27800, 22600, 33900, 73500, 27800, 10000, 22600, 23200, 24000, 24100, 40100, 28200, 19000, 16400, 31200, 19100, 19900, 41500, 16700, 24700, 21500, 28550, 28500, 25100, 29000, 29600, 74500, 30300, 31000, 30500, 1700, 72300, 29200, 21800, 42300, 16800, 16900, 70000, 29700, 75600, 19600, 75300",,"8, 9",,
163,Pediatric Symptom Checklist Youth Report,https://mmcp.health.maryland.gov/epsdt/healthykids/AppendixSection4/PSC-Y%20Teen%20Screen.pdf,,Y-PSC,,"1, 4, 5, 15",,,,20,"200, 600",2900,11,18,,5,,22200,2020-03-08,AB,,,"29200, 27800, 28550, 66200, 29700, 72900",5,,,
168,Community Assessment of Psychotic Experiences (CAPE-42),http://cape42.homestead.com/,The CAPE-42 measures psychosis proneness in the general population based on a severity spectrum view of the psychosis phenotype.,CAPE-42,,,,,,20,"600, 800",2900,,,42,,"van Os, J., Verdouz, H., & Hanssen, M.",22200,2019-12-19,AB,1999,,"27800, 29200, 22100, 23200, 22600, 28200, 21800",,,,
169,The CRAFFT Screening Interview,https://www.integration.samhsa.gov/clinical-practice/sbirt/CRAFFT_Screening_interview.pdf,"The CRAFFT Screening Test is a short clinical assessment tool designed to screen for substance-related risks and problems in adolescents. CRAFFTstands for the key words of the 6 items in the second section of the assessment - Car, Relax, Alone, Forget, Friends, Trouble.",,,16,,,,20,600,2900,12,21,6,,"Knight, J. R., Shrier, L. A., Bravender, T. D., Farrell, M., Vander Bilt, J., & Shaffer, H. J.",22200,2020-03-11,AB,2009,,"29200, 22100, 27800, 22600, 19000, 28550, 28500, 7200, 66200, 29700, 19300, 29600, 2500, 24900, 69200, 45400, 76400",,,,
170,Patient Health Questionnaire Modified for Teens,https://aidsetc.org/sites/default/files/resources_files/PHQ-A_English.pdf,,PHQ-9 Modified,,4,,,,20,100,2900,12,18,13,5,,22200,2020-03-08,AB,,,,5,,,
172,Positive and Negative Affect Schedule,https://ogg.osu.edu/media/documents/MB%20Stream/PANAS.pdf,The PANAS-SF is a self-report questionnaire that consists of two 10-item scales to measure both positive and negative affect.,PANAS-SF,,,,,,20,"600, 800",2900,,,20,,"Watson, D., Clark, L. A., & Tellegen, A.",22200,2020-03-10,AB,1988,,"27800, 22600, 21800",,,,
173,Childhood Traumatic Events Scale,https://eprovide.mapi-trust.org/instruments/childhood-traumatic-events-scale,The CTES aims to assess meaning taken from traumatic expereinces in childhood.,CTES,,7,,,,20,"2700, 2800","200, 600, 1000",17,80,13,,"Pennebaker, J. W., & Susman, J. R. ",22200,2019-12-19,AB,1988,,,,"5, 9",,
174,Recent Traumatic Events Scale,https://eprovide.mapi-trust.org/instruments/recent-traumatic-events-scale,The RTES assess traumatic events that occured within the last 3 years.,RTES,,7,,,,20,"600, 800",2900,,,,,"Pennebaker, J. W., & Susman, J. R.",22200,2020-03-11,AB,1988,,,,,,
194,Conners’ Rating Scales-Revised,"Conners, C.K. (2001). Conners’ Rating Scales-Revised. North Tonawanda, NY: Multi-Health Systems, Inc.",,CRS-R,14,,,,,20,"600, 1800, 2600, 2700","200, 600, 1000",,,,,"Conners, C. K.",22200,2019-12-19,AB,2001,,,,,,
195,Conners’ Adult ADHD Rating Scales,https://www.wpspublish.com/caars-conners-adult-adhd-rating-scales,The Conners Adult ADHD Rating Scale is an instrument that uses self-report ratings to measure the presence and severity of ADHD symptoms.,CAARS,14,,,,,20,800,2900,18,80,,20,"Conners, C. K., Erhardt, D., & Sparrow, E.",22200,2019-12-19,AB,1998,,,10-20,5,,
1043,Social Responsiveness Scale,https://www.unl.edu/asdnetwork/uploads/featured-articles/Table_2_ASD_Specific_Screening.pdf,The SRS consists of a 65-item rating scale designed to measure the severity of autism spectrum symptoms as they occur in natural social settsings.,SRS,13,,,,,20,"1800, 2500, 2600, 2700","200, 600, 1000",4,18,65,"20
","Constantino, & Gruver",22200,2019-12-10,AB,2005,,"21200, 22100, 73500, 22600, 28200, 21800 ",15-20,"8, 9",,
1111,The World Health Organization Disability Assessment Schedule 2.0,https://www.who.int/classifications/icf/more_whodas/en/,"The WHODAS 2.0 assesses disability across six domains, including understanding and communicating, getting around, self-care, getting along with people, life activities (i.e., household, work, and/or school activities), and participation in society.",WHODAS 2.0,,,,,,20,"200, 600, 800",2900,,,36,,World Health Organization,22200,2020-03-12,AB,2010,,,5-20,,,
1330,"Behavior Assessment System for Children, Second Edition - Teacher Rating Scale (Ages 2-5)",https://cloudfront.ualberta.ca/-/media/ualberta/faculties-and-programs/centres-institutes/community-university-partnership/resources/tools---assessment/basc-2jan-2012.pdf,The BASC-2 TRS/2-5 assesses behavior and emotions in children and adolescents,BASC-2 TRS/2-5,,"1, 4, 5, 9, 15",,,,20,"1800, 2500","200, 600, 1000",2,5,,20,"Reynolds, C. R., & Kamphaus, R. W.",22200,2019-12-10,AB,2004,1333,29200,10-20,1,,
1331,"Behavior Assessment System for Children, Second Edition - Teacher Rating Scale (Ages 6-11)",https://cloudfront.ualberta.ca/-/media/ualberta/faculties-and-programs/centres-institutes/community-university-partnership/resources/tools---assessment/basc-2jan-2012.pdf,The BASC-2 TRS/6-12 assesses behavior and emotions in children and adolescents,BASC-2 TRS/6-11,,"1, 4, 5, 9, 15",,,,20,"1800, 2500",200,6,11,,20,"Reynolds, C. R., & Kamphaus, R. W.",22200,2019-12-10,AB,2004,"1334, 132",29200,10-20,8,,
1332,"Behavior Assessment System for Children, Second Edition - Teacher Rating Scale (Ages 12-21)",https://cloudfront.ualberta.ca/-/media/ualberta/faculties-and-programs/centres-institutes/community-university-partnership/resources/tools---assessment/basc-2jan-2012.pdf,The BASC-2 TRS/12-22 assesses behavior and emotions in children and adolescents,BASC-2 TRS/12-21,,"1, 4, 5, 9, 15",,,,20,"1800, 2500","400, 600, 750",12,21,,20,"Reynolds, C. R., & Kamphaus, R. W.",22200,2019-12-10,AB,2004,"1335, 1337, 133",29200,10-20,"8, 9",,
1333,"Behavior Assessment System for Children, Second Edition - Parent Rating Scale (Ages 2-5)",https://cloudfront.ualberta.ca/-/media/ualberta/faculties-and-programs/centres-institutes/community-university-partnership/resources/tools---assessment/basc-2jan-2012.pdf,The BASC-2 PRS/2-6 assesses behavior and emotions in children and adolescents,BASC-2 PRS/2-5,,"1, 4, 5, 9, 15",,,,20,"2600, 2700","200, 600, 1000",2,5,,20,"Reynolds, C. R., & Kamphaus, R. W.",22200,2019-12-10,AB,2004,1330,29200,10-20,1,,
1334,"Behavior Assessment System for Children, Second Edition - Parent Rating Scale (Ages 6-11)",https://cloudfront.ualberta.ca/-/media/ualberta/faculties-and-programs/centres-institutes/community-university-partnership/resources/tools---assessment/basc-2jan-2012.pdf,The BASC-2 PRS/6-12 assesses behavior and emotions in children and adolescents,BASC-2 PRS/6-11,,"1, 4, 5, 9, 15",,,,20,"2600, 2700",200,6,11,,20,"Reynolds, C. R., & Kamphaus, R. W.",22200,2019-12-10,AB,2004,"1331, 132",29200,10-20,8,,
1335,"Behavior Assessment System for Children, Second Edition - Parent Rating Scale (Ages 12-21)",https://cloudfront.ualberta.ca/-/media/ualberta/faculties-and-programs/centres-institutes/community-university-partnership/resources/tools---assessment/basc-2jan-2012.pdf,The BASC-2 PRS/12-22 assesses behavior and emotions in children and adolescents,BASC-2 PRS/12-21,,"1, 4, 5, 9, 15",,,,20,"2600, 2700","600, 750",12,21,,20,"Reynolds, C. R., & Kamphaus, R. W.",22200,2019-12-10,AB,2004,"1331, 1337, 133",29200,10-20,"8, 9",,
1337,"Behavior Assessment System for Children, Second Edition - Self-Report of Personality (Ages 18-25)",https://cloudfront.ualberta.ca/-/media/ualberta/faculties-and-programs/centres-institutes/community-university-partnership/resources/tools---assessment/basc-2jan-2012.pdf,The BASC-2 SRP/18-26 assesses behavior and emotions in children and adolescents,BASC-2 SRP/18-25,,"1, 4, 5, 9, 15",,,,20,750,2900,18,25,,30,"Reynolds, C. R., & Kamphaus, R. W.",22200,2019-12-10,AB,2004,"1332, 1335",29200,30,5,,
2059,The National Adult Reading Test,https://www.academia.edu/2515150/National_Adult_Reading_Test_NART_test_manual_Part_1,The NART is a widely accepted and commonly used method in clinical settings for estimating premorbid intelligence levels of English-speaking patients with dementia in neuropsychological research and practice.,NART,,,,,,20,800,2900,,,,,Nelson & Willison,22200,2020-03-11,AB,1991,,27800,,,,
3000,Autism Diagnostic Interview-Revised,https://www.pearsonclinical.com.au/products/view/290,"The ADI-R is a structured interview for diagnosing autism, planning treatment, and distinguishing autism from other developmental disorders",ADI-R,13,13,,,,20,"2100, 2200, 2300, 2400, 2500","200, 600, 750, 1000",2,,93,90,"Rutter, M., Le Couteur, A., & Lord, C.",22200,2019-12-10,AB,2003,,"21200, 22100, 73500, 27800, 22600, 2500, 35200, 21400, 28200, 19000, 19100, 21500, 29000, 29600, 29200, 21800",60-90,,,
3001,Children's Perception of Interparental Conflict Scale,http://www.midss.org/childrens-perception-interparental-conflict-scale-cpic,"Guided by Grych and Fincham's theoretical framework for investigating the relation between interparental conflict and child adjustment, The Children's Perception of Interparental Conflict Scale (CPIC) was developed to assess children's views of several aspects of marital conflict.",CPIC,,,,,196,20,"200, 600",2900,8,18,51,10,"Fincham, F. D.",22200,2021-03-27,AB,1992,,,10,8,,
3002,Second National Health and Nutrition Examination Survey,https://wwwn.cdc.gov/nchs/nhanes/nhanes2/,"The NHANES II is a nationwide probability sample of 27,801 persons from 6 months - 74 years of age. From this sample, 25,286 people were interviewed and 20,322 people were examined, resulting in an overall response rate of 73 percent. The data files comprising the NHANES II include a number of demographic and socioeconomic variables on each tape including age, gender, race, ethnicity, income, education, and marital status.",NHANES II,,,,,,20,"600, 800",2900,0,74,,,"Allhoff, P, Laaser, U., & Heinrich, J.",22200,2020-03-11,AB,1991,,29200,,,,